Question,Answer
"What is the name of the exoplanet closest to Earth?","The closest exoplanet to Earth is Proxima Centauri b."
"Which galaxy is Proxima Centauri b located in?","Proxima Centauri b is located in the Milky Way galaxy."
"What star does Proxima Centauri b orbit?","Proxima Centauri b orbits the star Proxima Centauri."
"Is Proxima Centauri b considered a habitable planet?","Proxima Centauri b is potentially habitable, but its habitability has not yet been confirmed."
"How far is Proxima Centauri b from Earth?","Proxima Centauri b is 4.24 light-years away from Earth."
"What is known about the atmosphere of Proxima Centauri b?","The atmospheric conditions of Proxima Centauri b are uncertain. It may have a thin atmosphere, but this has not been confirmed."
"Can Proxima Centauri b support life?","It is not yet known if Proxima Centauri b can support life. While it is in the habitable zone, more research is needed to determine its potential for life."
"How does Proxima Centauri b compare to Earth?","Proxima Centauri b is similar in size to Earth and is located in the habitable zone of its star, but its atmospheric and surface conditions are still unknown."
"What is the name of the exoplanet that orbits Barnard's Star?","The exoplanet that orbits Barnard's Star is called Barnard's Star b."
"Which galaxy is Barnard's Star b located in?","Barnard's Star b is located in the Milky Way galaxy."
"Is Barnard's Star b considered a habitable planet?","Barnard's Star b is not considered habitable due to its extremely cold temperature."
"How far is Barnard's Star b from Earth?","Barnard's Star b is 5.96 light-years away from Earth."
"What is known about the atmosphere of Barnard's Star b?","The atmosphere of Barnard's Star b is unknown, but it is likely cold and inhospitable."
"Can Barnard's Star b support life?","Barnard's Star b is unlikely to support life due to its extreme cold and distance from its star."
"How does Barnard's Star b compare to Earth?","Barnard's Star b is much colder than Earth and is located farther from its star, making it less likely to be habitable."
"What is the name of the exoplanet that orbits Ross 128?","The exoplanet that orbits Ross 128 is called Ross 128 b."
"Which galaxy is Ross 128 b located in?","Ross 128 b is located in the Milky Way galaxy."
"Is Ross 128 b considered a habitable planet?","Ross 128 b is potentially habitable, but further studies are needed to confirm its habitability."
"How far is Ross 128 b from Earth?","Ross 128 b is 11.03 light-years away from Earth."
"What is known about the atmosphere of Ross 128 b?","The atmosphere of Ross 128 b is not yet known, but it could be temperate due to its location in the habitable zone."
"Can Ross 128 b support life?","Ross 128 b may be able to support life, but its atmospheric and surface conditions are still under investigation."
"How does Ross 128 b compare to Earth?","Ross 128 b is Earth-like in size and may have temperate conditions, but its habitability is still uncertain."
"What is the name of the exoplanet that orbits Luyten's Star?","The exoplanet that orbits Luyten's Star is called Luyten b."
"Which galaxy is Luyten b located in?","Luyten b is located in the Milky Way galaxy."
"Is Luyten b considered a habitable planet?","Luyten b is considered potentially habitable, as it lies in the habitable zone of its star."
"How far is Luyten b from Earth?","Luyten b is 12.2 light-years away from Earth."
"What is known about the atmosphere of Luyten b?","The atmosphere of Luyten b is unknown, but its position in the habitable zone suggests it may have suitable conditions."
"Can Luyten b support life?","Luyten b could potentially support life, but more data on its atmospheric and surface conditions is needed."
"How does Luyten b compare to Earth?","Luyten b is similar in size to Earth and is located in its star's habitable zone, making it a candidate for potential habitability."
"What is the name of the exoplanet that orbits Teegarden's Star?","The exoplanet that orbits Teegarden's Star is called Teegarden b."
"Which galaxy is Teegarden b located in?","Teegarden b is located in the Milky Way galaxy."
"Is Teegarden b considered a habitable planet?","Teegarden b is considered potentially habitable due to its location in the habitable zone of its star."
"How far is Teegarden b from Earth?","Teegarden b is 12.5 light-years away from Earth."
"What is known about the atmosphere of Teegarden b?","The atmosphere of Teegarden b is currently unknown, though it may have temperate conditions."
"Can Teegarden b support life?","Teegarden b could potentially support life, but more data is needed to confirm its atmospheric and surface conditions."
"How does Teegarden b compare to Earth?","Teegarden b is Earth-like in size and located in the habitable zone, making it a possible candidate for habitability."
"What is the name of the exoplanet that orbits Gliese 1061?","The exoplanet that orbits Gliese 1061 is called Gliese 1061 d."
"Which galaxy is Gliese 1061 d located in?","Gliese 1061 d is located in the Milky Way galaxy."
"Is Gliese 1061 d considered a habitable planet?","Gliese 1061 d is potentially habitable, but its habitability has not been confirmed."
"How far is Gliese 1061 d from Earth?","Gliese 1061 d is 12.0 light-years away from Earth."
"What is known about the atmosphere of Gliese 1061 d?","The atmosphere of Gliese 1061 d is unknown, but it is in the habitable zone, making it a candidate for further study."
"Can Gliese 1061 d support life?","Gliese 1061 d might support life, but further investigation is required to determine its conditions."
"How does Gliese 1061 d compare to Earth?","Gliese 1061 d is located in its star's habitable zone, similar to Earth, but more research is needed to assess its conditions."
"What is the name of the exoplanet that orbits YZ Ceti?","The exoplanet that orbits YZ Ceti is called YZ Ceti d."
"Which galaxy is YZ Ceti d located in?","YZ Ceti d is located in the Milky Way galaxy."
"Is YZ Ceti d considered a habitable planet?","YZ Ceti d is not considered habitable due to extreme radiation levels."
"How far is YZ Ceti d from Earth?","YZ Ceti d is 12.1 light-years away from Earth."
"What is known about the atmosphere of YZ Ceti d?","The atmosphere of YZ Ceti d is unknown, but the high radiation levels suggest it's inhospitable."
"Can YZ Ceti d support life?","YZ Ceti d is unlikely to support life due to the extreme radiation it receives from its star."
"How does YZ Ceti d compare to Earth?","YZ Ceti d is much less hospitable than Earth, as it is subjected to extreme radiation and unlikely to support life."
"What is the name of the exoplanet that orbits Wolf 1061?","The exoplanet that orbits Wolf 1061 is called Wolf 1061 c."
"Which galaxy is Wolf 1061 c located in?","Wolf 1061 c is located in the Milky Way galaxy."
"Is Wolf 1061 c considered a habitable planet?","Wolf 1061 c is not considered habitable, as it is likely too hot to support life."
"How far is Wolf 1061 c from Earth?","Wolf 1061 c is 13.8 light-years away from Earth."
"What is known about the atmosphere of Wolf 1061 c?","The atmosphere of Wolf 1061 c is not well understood, but it is likely inhospitable due to high temperatures."
"Can Wolf 1061 c support life?","Wolf 1061 c is unlikely to support life because it is expected to be too hot and have extreme conditions."
"How does Wolf 1061 c compare to Earth?","Wolf 1061 c is hotter than Earth and is not situated in the habitable zone, making it less likely to support life."
"What is the name of the exoplanet that orbits Kapteyn's Star?","The exoplanet that orbits Kapteyn's Star is called Kapteyn b."
"Which galaxy is Kapteyn b located in?","Kapteyn b is located in the Milky Way galaxy."
"Is Kapteyn b considered a habitable planet?","Kapteyn b is considered potentially habitable, but its habitability is not yet confirmed."
"How far is Kapteyn b from Earth?","Kapteyn b is 12.8 light-years away from Earth."
"What is known about the atmosphere of Kapteyn b?","The atmospheric conditions of Kapteyn b are unknown, but it is in the habitable zone of its star."
"Can Kapteyn b support life?","Kapteyn b may be able to support life, but more research is needed to understand its conditions."
"How does Kapteyn b compare to Earth?","Kapteyn b is similar in size to Earth and is in the habitable zone, suggesting it could have conditions suitable for life."
"What is the name of the exoplanet that orbits Gliese 581?","The exoplanet that orbits Gliese 581 is called Gliese 581 d."
"Which galaxy is Gliese 581 d located in?","Gliese 581 d is located in the Milky Way galaxy."
"Is Gliese 581 d considered a habitable planet?","Gliese 581 d is considered potentially habitable, but its actual conditions remain uncertain."
"How far is Gliese 581 d from Earth?","Gliese 581 d is 20.3 light-years away from Earth."
"What is known about the atmosphere of Gliese 581 d?","The atmosphere of Gliese 581 d is unknown, but it may have a thick atmosphere capable of supporting liquid water."
"Can Gliese 581 d support life?","Gliese 581 d has the potential to support life, but further studies are needed to determine its habitability."
"How does Gliese 581 d compare to Earth?","Gliese 581 d is larger than Earth and lies in the habitable zone, which makes it an interesting target for further exploration."
"What is the name of the exoplanet closest to Earth?","The closest exoplanet to Earth is Proxima Centauri b."
"Which galaxy is Proxima Centauri b located in?","Proxima Centauri b is located in the Milky Way galaxy."
"What star does Proxima Centauri b orbit?","Proxima Centauri b orbits the star Proxima Centauri."
"Is Proxima Centauri b considered a habitable planet?","Proxima Centauri b is potentially habitable, but its habitability has not yet been confirmed."
"How far is Proxima Centauri b from Earth?","Proxima Centauri b is 4.24 light-years away from Earth."
"What is known about the atmosphere of Proxima Centauri b?","The atmospheric conditions of Proxima Centauri b are uncertain. It may have a thin atmosphere, but this has not been confirmed."
"What is the mass of Proxima Centauri b compared to Earth?","Proxima Centauri b has a mass approximately 1.17 times that of Earth."
"How long is a year on Proxima Centauri b?","A year on Proxima Centauri b is about 11.2 Earth days long."
"What type of planet is Proxima Centauri b?","Proxima Centauri b is classified as a terrestrial planet."
"What is the surface temperature of Proxima Centauri b?","The surface temperature of Proxima Centauri b is not precisely known, but estimates suggest it could be between -40 to 60 degrees Celsius."
"Does Proxima Centauri b have any moons?","As of now, no moons have been confirmed orbiting Proxima Centauri b."
"What is the composition of Proxima Centauri b's atmosphere?","The composition of Proxima Centauri b's atmosphere remains unknown due to limited data."
"How was Proxima Centauri b discovered?","Proxima Centauri b was discovered using the radial velocity method by observing the wobble of its host star, Proxima Centauri."
"What is the age of Proxima Centauri b's host star?","Proxima Centauri is estimated to be about 4.85 billion years old."
"What is the distance of Proxima Centauri b from its host star?","Proxima Centauri b orbits at a distance of about 0.0485 AU from Proxima Centauri."
"Can Proxima Centauri b be seen with the naked eye?","No, Proxima Centauri b cannot be seen with the naked eye; it is too faint."
"What is the significance of Proxima Centauri b in the search for extraterrestrial life?","Proxima Centauri b is significant because it lies within the habitable zone of its star, making it a candidate for potential life."
"What is the orbital period of Proxima Centauri b?","The orbital period of Proxima Centauri b is approximately 11.2 days."
"What is the rotational period of Proxima Centauri b?","The rotational period of Proxima Centauri b is not well known, but it may be tidally locked to its star."
"How does Proxima Centauri b compare to Venus?","Proxima Centauri b is more Earth-like than Venus in terms of potential habitability, though much about its conditions remains unknown."
"What instruments were used to detect Proxima Centauri b?","Proxima Centauri b was detected using the HARPS spectrograph and other telescopes focused on radial velocity measurements."
"Is there any direct imaging of Proxima Centauri b?","No, there is currently no direct imaging of Proxima Centauri b; observations are based on indirect data."
"What challenges exist in studying Proxima Centauri b?","Challenges include its distance from Earth and the faintness of its host star, making detailed observations difficult."
"What missions are planned to study Proxima Centauri b?","Future missions like the James Webb Space Telescope may provide insights into Proxima Centauri b's atmosphere."
"What is the albedo of Proxima Centauri b?","The albedo of Proxima Centauri b is not well established, as there is limited observational data."
"What is the potential for water on Proxima Centauri b?","There is potential for liquid water on Proxima Centauri b, but further studies are needed to confirm its presence."
"What is the diameter of Proxima Centauri b compared to Earth?","Proxima Centauri b has a diameter about 1.3 times that of Earth."
"What is the gravitational pull on Proxima Centauri b?","The gravitational pull on Proxima Centauri b is estimated to be about 1.1 times that of Earth's."
"What is the temperature range expected on Proxima Centauri b?","The temperature range on Proxima Centauri b is expected to vary significantly, potentially from -40 to 60 degrees Celsius."
"Does Proxima Centauri b experience seasons?","It is unclear if Proxima Centauri b experiences seasons, as it may be tidally locked to its star."
"What is the likelihood of finding life on Proxima Centauri b?","While Proxima Centauri b is in the habitable zone, the likelihood of finding life depends on its atmosphere and environmental conditions."
"What are the key features of Proxima Centauri b?","Key features include its Earth-like size, location in the habitable zone, and proximity to Earth."
"How does the radiation from Proxima Centauri affect Proxima Centauri b?","Proxima Centauri emits stellar flares, which may impact the atmospheric conditions of Proxima Centauri b."
"Is Proxima Centauri b a rocky or gas giant?","Proxima Centauri b is considered a rocky planet."
"What role does Proxima Centauri b play in exoplanet research?","Proxima Centauri b is a crucial target in the search for potentially habitable exoplanets."
"How can we study the atmosphere of Proxima Centauri b?","The atmosphere can be studied through spectroscopy during transits, but direct observations are currently limited."
"What is the historical significance of Proxima Centauri b's discovery?","The discovery of Proxima Centauri b marked a significant milestone in the search for habitable exoplanets."
"How does Proxima Centauri b's orbit compare to Earth's?","Proxima Centauri b has a much shorter orbital period compared to Earth's 365 days."
"Are there any planned missions specifically targeting Proxima Centauri b?","Yes, missions like the Breakthrough Starshot initiative aim to explore the Alpha Centauri system, including Proxima Centauri b."
"What potential challenges do spacecraft face when traveling to Proxima Centauri b?","Challenges include the vast distance of 4.24 light-years and the need for advanced propulsion technologies."
"What effect does Proxima Centauri b's proximity to its star have on its climate?","Proxima Centauri b's close proximity may result in extreme temperature variations and atmospheric conditions."
"What are some theories about the potential for life on Proxima Centauri b?","Theories suggest that if liquid water exists, life could develop, but radiation levels may be a significant obstacle."
"What is the primary method for discovering exoplanets like Proxima Centauri b?","The radial velocity method is commonly used to detect exoplanets by measuring the star's wobble."
"How does Proxima Centauri b's distance from Earth compare to other known exoplanets?","Proxima Centauri b is the closest known exoplanet to Earth."
"What are the future implications of studying Proxima Centauri b?","Studying Proxima Centauri b could enhance our understanding of planet formation and habitability in other star systems."
"How does Proxima Centauri b's star differ from the Sun?","Proxima Centauri is a red dwarf star, which is smaller and cooler than the Sun."
"What is the escape velocity of Proxima Centauri b?","The escape velocity of Proxima Centauri b is estimated to be about 5.2 km/s."
"How long would it take to travel to Proxima Centauri b with current technology?","With current technology, it would take over 6,700 years to reach Proxima Centauri b."
"What is the orbital inclination of Proxima Centauri b?","The orbital inclination of Proxima Centauri b is not well determined due to its distance."
"Does Proxima Centauri b have a magnetic field?","It is uncertain if Proxima Centauri b has a significant magnetic field, which would protect its atmosphere."
"What are the atmospheric conditions on Proxima Centauri b?","The atmospheric conditions on Proxima Centauri b are unknown and subject to ongoing research."
"What other planets orbit Proxima Centauri?","Proxima Centauri has at least one other known planet, Proxima Centauri c, which is a super-Earth."
"What is the potential for finding water on Proxima Centauri b?","The potential for finding liquid water exists if conditions allow for a stable atmosphere."
"What is the geological activity of Proxima Centauri b?","The geological activity of Proxima Centauri b is currently unknown, as no direct observations have been made."
"Are there any significant landmarks on Proxima Centauri b?","As of now, no significant landmarks on Proxima Centauri b have been identified due to limited data."
"What role does Proxima Centauri b play in the study of planetary systems?","Proxima Centauri b serves as a model for understanding the formation and evolution of terrestrial planets."
"What is the expected surface pressure on Proxima Centauri b?","The expected surface pressure on Proxima Centauri b is uncertain and requires further investigation."
"Can Proxima Centauri b support life as we know it?","Proxima Centauri b may support life, but the exact conditions are still speculative."
"What is the significance of Proxima Centauri b's habitable zone?","Proxima Centauri b's location in the habitable zone makes it a key target in the search for extraterrestrial life."
"What are the effects of stellar flares on Proxima Centauri b?","Stellar flares could strip away the atmosphere of Proxima Centauri b, affecting its habitability."
"What is the potential for colonization of Proxima Centauri b?","Colonization of Proxima Centauri b would face numerous challenges, including radiation exposure and distance from Earth."
"What is the current understanding of Proxima Centauri b's climate?","The climate of Proxima Centauri b is largely unknown, but it may have a range of conditions depending on atmospheric composition."
"How do scientists measure the size of Proxima Centauri b?","Scientists measure the size of Proxima Centauri b using transit observations and radial velocity data."
"What is the history of observations related to Proxima Centauri b?","Proxima Centauri b has been observed since its discovery in 2016, leading to ongoing research."
"What is the potential for communication with a hypothetical civilization on Proxima Centauri b?","Communication would be challenging due to the vast distance and time delays involved."
"What impact could Proxima Centauri b have on our understanding of life beyond Earth?","Studying Proxima Centauri b may provide insights into the conditions necessary for life on other planets."
"What is the name of the exoplanet orbiting Barnard's Star?","The exoplanet orbiting Barnard's Star is called Barnard's Star b."
"How far is Barnard's Star b from Earth?","Barnard's Star b is approximately 6 light-years away from Earth."
"What type of planet is Barnard's Star b?","Barnard's Star b is classified as a super-Earth."
"What is the mass of Barnard's Star b compared to Earth?","Barnard's Star b has a mass estimated to be about 3.2 times that of Earth."
"Is Barnard's Star b located in the habitable zone?","Barnard's Star b is located just outside the habitable zone of its star."
"What is the surface temperature of Barnard's Star b?","The surface temperature of Barnard's Star b is estimated to be around -170 degrees Celsius."
"What is the orbital period of Barnard's Star b?","The orbital period of Barnard's Star b is about 233 days."
"Does Barnard's Star b have any moons?","As of now, no moons have been confirmed orbiting Barnard's Star b."
"What is the significance of Barnard's Star b in exoplanet research?","Barnard's Star b is significant due to its proximity and potential habitability."
"How was Barnard's Star b discovered?","Barnard's Star b was discovered using the radial velocity method, observing the star's wobble."
"What challenges exist in studying Barnard's Star b?","Challenges include its distance from Earth and the faintness of Barnard's Star."
"What is the composition of Barnard's Star b?","The exact composition of Barnard's Star b is not well known, but it is likely rocky."
"What is the age of Barnard's Star?","Barnard's Star is estimated to be around 10 billion years old."
"How does Barnard's Star b compare to Proxima Centauri b?","Barnard's Star b is more massive than Proxima Centauri b and is located farther from its star."
"What is the potential for water on Barnard's Star b?","The potential for liquid water exists, but the extreme cold may limit its presence."
"Can Barnard's Star b support life as we know it?","It is uncertain if Barnard's Star b can support life due to its cold temperatures."
"What is the distance of Barnard's Star b from its host star?","Barnard's Star b orbits at a distance of about 0.4 AU from Barnard's Star."
"What instruments were used to detect Barnard's Star b?","Barnard's Star b was detected using the HARPS spectrograph and other radial velocity measurements."
"How does Barnard's Star's luminosity affect Barnard's Star b?","Barnard's Star is a dim red dwarf, leading to colder conditions on Barnard's Star b."
"What is the expected atmospheric pressure on Barnard's Star b?","The atmospheric pressure on Barnard's Star b is uncertain and requires further study."
"What future missions could study Barnard's Star b?","Future missions like the James Webb Space Telescope may provide insights into Barnard's Star b's atmosphere."
"What is the escape velocity of Barnard's Star b?","The escape velocity of Barnard's Star b is estimated to be around 5.5 km/s."
"What is the orbital inclination of Barnard's Star b?","The orbital inclination of Barnard's Star b is not well known due to limited data."
"Is Barnard's Star b a tidally locked planet?","It is unclear if Barnard's Star b is tidally locked, but it may be due to its close orbit."
"What is the main atmospheric component expected on Barnard's Star b?","The main atmospheric component is unknown, but it may contain gases similar to Earth."
"What are the key features of Barnard's Star b?","Key features include its size, potential for an atmosphere, and its proximity to Earth."
"Does Barnard's Star b have a magnetic field?","It is currently unknown whether Barnard's Star b has a significant magnetic field."
"What is the geological activity of Barnard's Star b?","The geological activity of Barnard's Star b is largely speculative and not well understood."
"What is the significance of Barnard's Star b's discovery?","Barnard's Star b's discovery provides insights into the diversity of exoplanets."
"How does the radiation from Barnard's Star affect Barnard's Star b?","Barnard's Star emits less radiation than the Sun, potentially allowing for a more stable atmosphere."
"What is the expected surface pressure on Barnard's Star b?","The expected surface pressure on Barnard's Star b is not well established due to limited data."
"Can Barnard's Star b sustain liquid water?","Liquid water could theoretically exist if conditions are right, but temperatures are very low."
"What is the primary method for studying Barnard's Star b?","The primary method is radial velocity measurements to detect wobbles in Barnard's Star."
"How does the atmosphere of Barnard's Star b compare to Earth's?","The atmosphere of Barnard's Star b is uncertain and may differ significantly from Earth's."
"What are some potential future studies of Barnard's Star b?","Future studies may focus on its atmospheric composition and potential habitability."
"Is Barnard's Star b part of a multi-planet system?","As of now, Barnard's Star b is the only confirmed planet in the Barnard's Star system."
"What role does Barnard's Star b play in understanding super-Earths?","Barnard's Star b helps scientists learn more about the characteristics and formation of super-Earths."
"What are the long-term implications of studying Barnard's Star b?","Studying Barnard's Star b could inform our understanding of planetary systems and their potential for life."
"What are the distances of Barnard's Star b compared to other known exoplanets?","Barnard's Star b is one of the closest known exoplanets to Earth, at approximately 6 light-years away."
"What is the historical context of Barnard's Star?","Barnard's Star has been studied for over a century and was first cataloged by Edward Emerson Barnard."
"What future telescopes could observe Barnard's Star b?","Next-generation telescopes like the Extremely Large Telescope may provide valuable data on Barnard's Star b."
"What is the radius of Barnard's Star b compared to Earth?","Barnard's Star b is estimated to have a radius about 1.2 times that of Earth."
"What is the primary research focus regarding Barnard's Star b?","The primary research focus is on its potential habitability and atmospheric conditions."
"Does Barnard's Star b have seasonal variations?","It is unclear if Barnard's Star b experiences seasonal variations due to its distance from its star."
"What is the effect of stellar winds from Barnard's Star on Barnard's Star b?","Stellar winds may impact the atmosphere of Barnard's Star b, but more research is needed."
"How might Barnard's Star b affect our understanding of planet formation?","Barnard's Star b may provide insights into the formation and evolution of super-Earths."
"What type of star is Barnard's Star?","Barnard's Star is a red dwarf star, specifically a type M5.5."
"What is the light curve of Barnard's Star b?","The light curve of Barnard's Star b is not well characterized, requiring further observational data."
"What role do gravitational interactions play in Barnard's Star b's orbit?","Gravitational interactions with Barnard's Star influence the orbital dynamics of Barnard's Star b."
"What tools are used to simulate the climate of Barnard's Star b?","Climate models and simulations are used to predict the atmospheric conditions on Barnard's Star b."
"What is the potential for discovering additional planets around Barnard's Star?","There is potential for discovering more planets, as further observations may reveal additional companions."
"How do scientists assess the habitability of Barnard's Star b?","Scientists assess habitability by studying potential surface conditions and atmospheric composition."
"What is the history of exoplanet discoveries around red dwarf stars?","Many exoplanets, including Barnard's Star b, have been discovered around red dwarf stars due to their abundance."
"What is the potential for future human exploration of Barnard's Star b?","Future human exploration is currently theoretical due to technological and logistical challenges."
"What are the expected weather patterns on Barnard's Star b?","Expected weather patterns are uncertain, but extreme cold is likely due to its distance from the star."
"How does the low luminosity of Barnard's Star affect Barnard's Star b?","The low luminosity results in colder temperatures on Barnard's Star b compared to Earth."
"What challenges do scientists face in characterizing Barnard's Star b's atmosphere?","Challenges include the planet's distance and the faintness of its host star, which complicates observations."
"Is Barnard's Star b's orbit circular or elliptical?","The orbit of Barnard's Star b is considered to be nearly circular."
"What is the significance of Barnard's Star b's cold temperatures?","The cold temperatures influence its potential for sustaining liquid water and life."
"What impact could Barnard's Star b have on future astronomical research?","Barnard's Star b may lead to new discoveries regarding exoplanet atmospheres and habitability."
"What technological advancements are needed to study Barnard's Star b further?","Advancements in spectroscopy and imaging techniques are necessary for detailed studies of Barnard's Star b."
"What is the name of the exoplanet orbiting Ross 128?","The exoplanet orbiting Ross 128 is called Ross 128 b."
"How far is Ross 128 b from Earth?","Ross 128 b is approximately 11 light-years away from Earth."
"What type of planet is Ross 128 b?","Ross 128 b is classified as a super-Earth."
"What is the mass of Ross 128 b compared to Earth?","Ross 128 b has a mass estimated to be about 1.4 times that of Earth."
"Is Ross 128 b located in the habitable zone?","Ross 128 b is located within the habitable zone of its star."
"What is the surface temperature of Ross 128 b?","The surface temperature of Ross 128 b is estimated to be around -60 degrees Celsius."
"What is the orbital period of Ross 128 b?","The orbital period of Ross 128 b is about 9.9 days."
"Does Ross 128 b have any known moons?","As of now, no moons have been confirmed orbiting Ross 128 b."
"What is the significance of Ross 128 b in exoplanet research?","Ross 128 b is significant due to its proximity and potential for habitability."
"How was Ross 128 b discovered?","Ross 128 b was discovered using the radial velocity method, observing the star's wobble."
"What challenges exist in studying Ross 128 b?","Challenges include its distance from Earth and the faintness of Ross 128."
"What is the composition of Ross 128 b?","The exact composition of Ross 128 b is not well known, but it is likely rocky."
"What is the age of Ross 128?","Ross 128 is estimated to be around 5 billion years old."
"How does Ross 128 b compare to Proxima Centauri b?","Ross 128 b is larger and is located at a greater distance from its star than Proxima Centauri b."
"What is the potential for water on Ross 128 b?","The potential for liquid water exists if conditions allow for a stable atmosphere."
"Can Ross 128 b support life as we know it?","It is uncertain if Ross 128 b can support life, but it is a candidate for further research."
"What is the distance of Ross 128 b from its host star?","Ross 128 b orbits at a distance of about 0.04 AU from Ross 128."
"What instruments were used to detect Ross 128 b?","Ross 128 b was detected using the HARPS spectrograph and other radial velocity measurements."
"How does the luminosity of Ross 128 affect Ross 128 b?","The low luminosity of Ross 128 allows for conditions that could support liquid water on Ross 128 b."
"What is the expected atmospheric pressure on Ross 128 b?","The expected atmospheric pressure on Ross 128 b is not well established and requires further study."
"What future missions could study Ross 128 b?","Future missions like the James Webb Space Telescope may provide insights into Ross 128 b's atmosphere."
"What is the escape velocity of Ross 128 b?","The escape velocity of Ross 128 b is estimated to be around 5.0 km/s."
"What is the orbital inclination of Ross 128 b?","The orbital inclination of Ross 128 b is not well known due to limited data."
"Is Ross 128 b a tidally locked planet?","It is unclear if Ross 128 b is tidally locked, but it may be due to its close orbit."
"What is the main atmospheric component expected on Ross 128 b?","The main atmospheric component is unknown, but it may contain gases similar to Earth."
"What are the key features of Ross 128 b?","Key features include its size, proximity to Earth, and potential habitability."
"Does Ross 128 b have a magnetic field?","It is currently unknown whether Ross 128 b has a significant magnetic field."
"What is the geological activity of Ross 128 b?","The geological activity of Ross 128 b is largely speculative and not well understood."
"What is the significance of Ross 128 b's discovery?","Ross 128 b's discovery provides insights into the diversity of exoplanets and their potential for life."
"How does the radiation from Ross 128 affect Ross 128 b?","Ross 128 emits less radiation than the Sun, which may allow for a more stable atmosphere on Ross 128 b."
"What is the expected surface pressure on Ross 128 b?","The expected surface pressure on Ross 128 b is uncertain and requires further study."
"Can Ross 128 b sustain liquid water?","Liquid water could theoretically exist if conditions are suitable, but more data is needed."
"What is the primary method for studying Ross 128 b?","The primary method is radial velocity measurements to detect the wobble of Ross 128."
"How does the atmosphere of Ross 128 b compare to Earth's?","The atmosphere of Ross 128 b is uncertain and may differ significantly from Earth's due to its unique conditions."
"What are some potential future studies of Ross 128 b?","Future studies may focus on its atmospheric composition and habitability prospects."
"Is Ross 128 b part of a multi-planet system?","As of now, Ross 128 b is the only confirmed planet in the Ross 128 system."
"What role does Ross 128 b play in understanding super-Earths?","Ross 128 b helps scientists learn more about the characteristics and potential habitability of super-Earths."
"What are the distances of Ross 128 b compared to other known exoplanets?","Ross 128 b is one of the closest known exoplanets to Earth, at approximately 11 light-years away."
"What is the historical context of Ross 128?","Ross 128 has been a target for study due to its proximity and has been observed for many years."
"What future telescopes could observe Ross 128 b?","Next-generation telescopes like the Extremely Large Telescope may provide valuable data on Ross 128 b."
"What technological advancements are needed to study Ross 128 b further?","Advancements in spectroscopy and imaging techniques are necessary for detailed studies of Ross 128 b."
"What is the primary energy source for Ross 128 b?","The primary energy source for Ross 128 b is the radiation from its host star, Ross 128."
"What type of star is Ross 128?","Ross 128 is classified as a red dwarf star, specifically an M-type main-sequence star."
"What is the temperature range on Ross 128 b?","The temperature range on Ross 128 b could vary widely, but it is estimated to be between -60 and 20 degrees Celsius."
"Is there any evidence of water vapor on Ross 128 b?","As of now, there is no direct evidence of water vapor in the atmosphere of Ross 128 b."
"What scientific instruments can help study Ross 128 b's atmosphere?","Instruments like the James Webb Space Telescope and high-resolution spectrographs can aid in studying its atmosphere."
"How does Ross 128 b's size affect its potential habitability?","Being a super-Earth, Ross 128 b may have conditions suitable for habitability, but this is not guaranteed."
"What are the possible climatic conditions on Ross 128 b?","Possible climatic conditions include cold temperatures and varying weather patterns, but specifics remain unknown."
"How long does it take for light from Ross 128 to reach Earth?","It takes about 11 years for light from Ross 128 to reach Earth."
"What impact does Ross 128 b's proximity have on research?","Its proximity allows for more detailed observations and a better understanding of exoplanet atmospheres."
"Is there any known variability in Ross 128's brightness?","Ross 128 is known to have low variability in brightness compared to other stars, but some flaring events have been observed."
"What is the likelihood of discovering additional planets around Ross 128?","The likelihood is considered moderate, and future observations may reveal additional companions."
"How do scientists assess the potential for life on Ross 128 b?","Scientists assess the potential for life by analyzing factors such as temperature, atmospheric composition, and distance from its star."
"What are the potential biosignatures scientists look for on Ross 128 b?","Potential biosignatures include gases like oxygen, methane, and other indicators of biological processes."
"What role does Ross 128 b play in exoplanet cataloging?","Ross 128 b serves as an important case study in cataloging potentially habitable exoplanets."
"Are there any cultural references to Ross 128 b?","As a relatively newly discovered exoplanet, Ross 128 b has not yet made significant cultural impacts or references."
"What is the best time to observe Ross 128 b from Earth?","The best time to observe Ross 128 is typically during its peak visibility in the sky, often in winter months."
"How does Ross 128 b's mass influence its geological characteristics?","The mass of Ross 128 b could impact its geological activity and ability to retain an atmosphere."
"What challenges do astronomers face in characterizing Ross 128 b?","Challenges include its distance, the faintness of its host star, and the need for advanced observational techniques."
"What future technologies could enhance the study of Ross 128 b?","Future technologies like advanced adaptive optics and next-generation telescopes could enhance studies."
"What findings about Ross 128 b could change current understanding of exoplanets?","New findings may reshape the understanding of super-Earths, their atmospheres, and their potential for life."
"What is the name of the exoplanet orbiting Luyten's Star?","The exoplanet orbiting Luyten's Star is called Luyten b."
"How far is Luyten b from Earth?","Luyten b is approximately 12.2 light-years away from Earth."
"What type of star is Luyten's Star?","Luyten's Star is classified as a red dwarf star, specifically an M-type star."
"What is the estimated mass of Luyten b compared to Earth?","Luyten b has an estimated mass of about 2.9 times that of Earth."
"Is Luyten b located in the habitable zone?","Luyten b is located within the habitable zone of its star, making it a candidate for habitability."
"What is the orbital period of Luyten b?","The orbital period of Luyten b is about 5.7 days."
"What is the expected surface temperature of Luyten b?","The expected surface temperature of Luyten b is estimated to be around -30 degrees Celsius."
"Does Luyten b have any known moons?","As of now, no moons have been confirmed orbiting Luyten b."
"What are the primary scientific interests in Luyten b?","Primary interests include studying its potential habitability and atmospheric conditions."
"How was Luyten b discovered?","Luyten b was discovered using the radial velocity method, observing the star's wobble."
"What challenges exist in studying Luyten b?","Challenges include its distance and the faintness of Luyten's Star, which complicate observations."
"What is the composition of Luyten b?","The exact composition of Luyten b is not well known, but it is likely rocky."
"What is the distance of Luyten b from its host star?","Luyten b orbits at a distance of about 0.09 AU from Luyten's Star."
"Can Luyten b sustain liquid water?","If conditions allow for a stable atmosphere, Luyten b could potentially sustain liquid water."
"What is the significance of Luyten b in exoplanet research?","Luyten b is significant due to its proximity and potential for habitability."
"What is known about the atmosphere of Luyten b?","The atmospheric conditions of Luyten b are largely unknown and require further study."
"How does Luyten b compare to other known exoplanets?","Luyten b is larger than Earth and located at a moderate distance from its star compared to other exoplanets."
"What methods are used to detect Luyten b?","Radial velocity measurements and Doppler spectroscopy are used to detect Luyten b."
"What is the potential for discovering additional planets around Luyten's Star?","There is potential for discovering more planets, as further observations may reveal additional companions."
"How does the luminosity of Luyten's Star affect Luyten b?","The low luminosity results in colder temperatures on Luyten b compared to Earth."
"What future missions could study Luyten b?","Future missions like the James Webb Space Telescope may provide insights into Luyten b's atmosphere."
"What is the escape velocity of Luyten b?","The escape velocity of Luyten b is estimated to be around 7.1 km/s."
"What is the geological activity of Luyten b?","The geological activity of Luyten b is largely speculative and not well understood."
"Is Luyten b a tidally locked planet?","It is possible that Luyten b is tidally locked due to its close orbit to its star."
"What are the possible atmospheric components of Luyten b?","The possible atmospheric components are unknown but may include gases like carbon dioxide or nitrogen."
"What are the key features of Luyten b?","Key features include its size, proximity to Earth, and position within the habitable zone."
"Does Luyten b have a magnetic field?","As of now, it is unclear whether Luyten b has a significant magnetic field."
"What is the expected atmospheric pressure on Luyten b?","The expected atmospheric pressure on Luyten b is uncertain and requires further study."
"What are some potential biosignatures to look for on Luyten b?","Potential biosignatures include gases like oxygen, methane, and other indicators of biological processes."
"How does the radiation from Luyten's Star affect Luyten b?","Luyten's Star emits less radiation than the Sun, potentially allowing for a more stable atmosphere on Luyten b."
"What is the primary energy source for Luyten b?","The primary energy source for Luyten b is the radiation from its host star, Luyten's Star."
"What is the best time to observe Luyten b from Earth?","The best time to observe Luyten b is during the optimal visibility of Luyten's Star in the night sky."
"How does Luyten b's mass influence its potential habitability?","A larger mass may influence geological activity and the ability to retain an atmosphere."
"What challenges do astronomers face in characterizing Luyten b?","Challenges include its distance, the faintness of Luyten's Star, and limited observational data."
"What future technologies could enhance the study of Luyten b?","Future technologies like advanced adaptive optics and high-resolution spectrographs could enhance studies."
"What are the potential climatic conditions on Luyten b?","Potential climatic conditions could include cold temperatures and varying weather patterns."
"Is there any known variability in Luyten's Star's brightness?","Luyten's Star is relatively stable, with low variability in brightness."
"What role does Luyten b play in understanding super-Earths?","Luyten b serves as an important example for studying the characteristics and potential habitability of super-Earths."
"Can Luyten b be used to test theories of planetary formation?","Yes, studying Luyten b can help test theories related to the formation of super-Earths and planetary systems."
"What findings about Luyten b could change current understanding of exoplanets?","New findings may reshape the understanding of super-Earth atmospheres and their potential for life."
"What is the expected orbital eccentricity of Luyten b?","The expected orbital eccentricity of Luyten b is relatively low, suggesting a nearly circular orbit."
"What is the primary method used to discover Luyten b?","Luyten b was discovered using the radial velocity method, which detects the star's wobble."
"What is the significance of Luyten b's discovery in the context of exoplanet research?","Luyten b's discovery contributes to the understanding of potentially habitable planets around red dwarf stars."
"Are there any known variations in Luyten b's orbit?","As of now, there are no known significant variations in Luyten b's orbit."
"What is the anticipated surface composition of Luyten b?","The anticipated surface composition is likely rocky, similar to Earth."
"How does the temperature on Luyten b compare to that of Earth?","Luyten b is expected to be colder than Earth due to its proximity to a dimmer star."
"What is the potential for Luyten b to have an atmosphere?","Luyten b may have an atmosphere, but its composition and stability are not well known."
"Is Luyten b part of a multi-planet system?","Currently, Luyten b is the only confirmed planet in the Luyten's Star system."
"What are the implications of finding more planets around Luyten's Star?","Finding more planets could provide insights into planetary formation and habitability in red dwarf systems."
"What technologies are needed to further study Luyten b?","Technologies such as improved spectroscopy and space-based telescopes are needed for further study."
"How does the gravitational interaction with Luyten's Star affect Luyten b?","Gravitational interactions with Luyten's Star help determine Luyten b's orbit and potential atmospheric retention."
"What is the role of Luyten b in the search for extraterrestrial life?","Luyten b is a key candidate in the search for potentially habitable exoplanets."
"Are there any known features on Luyten b's surface?","No specific surface features have been identified due to limited observational data."
"What are the implications of Luyten b's proximity to Earth for future exploration?","Its proximity makes Luyten b an attractive target for future observational campaigns and potential exploration."
"How do stellar flares from Luyten's Star impact Luyten b?","Stellar flares may affect the atmosphere and surface conditions on Luyten b, impacting its habitability."
"What is the expected length of a day on Luyten b?","The expected length of a day on Luyten b is not well established but may be similar to its orbital period."
"How does the luminosity of Luyten's Star influence Luyten b's climate?","The low luminosity of Luyten's Star contributes to cooler temperatures on Luyten b."
"What future observations could help understand Luyten b better?","Future observations with advanced telescopes could provide data on Luyten b's atmosphere and potential for life."
"What is the expected atmospheric density of Luyten b?","The expected atmospheric density of Luyten b is uncertain and requires further research."
"What potential technologies could detect biosignatures on Luyten b?","Technologies like spectrographs and next-gen space telescopes could detect potential biosignatures."
"How does Luyten b compare to the Earth in terms of habitability potential?","While Luyten b is located in the habitable zone, its actual habitability potential remains uncertain and needs further study."
"What is the name of the exoplanet discovered around Teegarden's Star?","The exoplanet discovered around Teegarden's Star is called Teegarden b."
"How far is Teegarden b from Earth?","Teegarden b is approximately 12.5 light-years away from Earth."
"What type of star is Teegarden's Star?","Teegarden's Star is classified as a red dwarf star, specifically an M-type star."
"What is the estimated mass of Teegarden b compared to Earth?","Teegarden b has an estimated mass of about 1.1 times that of Earth."
"Is Teegarden b located in the habitable zone?","Yes, Teegarden b is located within the habitable zone of its star."
"What is the orbital period of Teegarden b?","The orbital period of Teegarden b is about 4.9 days."
"What is the expected surface temperature of Teegarden b?","The expected surface temperature of Teegarden b could range from -50 to 20 degrees Celsius."
"Does Teegarden b have any known moons?","As of now, there are no confirmed moons orbiting Teegarden b."
"What are the primary scientific interests in Teegarden b?","Primary interests include studying its potential habitability and atmospheric conditions."
"How was Teegarden b discovered?","Teegarden b was discovered using the radial velocity method, which detects the star's wobble."
"What challenges exist in studying Teegarden b?","Challenges include its distance and the faintness of Teegarden's Star, which complicates observations."
"What is the composition of Teegarden b?","The exact composition of Teegarden b is not well known, but it is likely rocky."
"What is the distance of Teegarden b from its host star?","Teegarden b orbits at a distance of about 0.03 AU from Teegarden's Star."
"Can Teegarden b sustain liquid water?","If conditions allow for a stable atmosphere, Teegarden b could potentially sustain liquid water."
"What is the significance of Teegarden b in exoplanet research?","Teegarden b is significant due to its proximity and potential for habitability."
"What is known about the atmosphere of Teegarden b?","The atmospheric conditions of Teegarden b are largely unknown and require further study."
"How does Teegarden b compare to other known exoplanets?","Teegarden b is similar to Earth in size and is located at a moderate distance from its star."
"What methods are used to detect Teegarden b?","Radial velocity measurements and Doppler spectroscopy are used to detect Teegarden b."
"What is the potential for discovering additional planets around Teegarden's Star?","There is potential for discovering more planets, as further observations may reveal additional companions."
"How does the luminosity of Teegarden's Star affect Teegarden b?","The low luminosity results in colder temperatures on Teegarden b compared to Earth."
"What future missions could study Teegarden b?","Future missions like the James Webb Space Telescope may provide insights into Teegarden b's atmosphere."
"What is the escape velocity of Teegarden b?","The escape velocity of Teegarden b is estimated to be around 7.2 km/s."
"What is the geological activity of Teegarden b?","The geological activity of Teegarden b is largely speculative and not well understood."
"Is Teegarden b a tidally locked planet?","It is possible that Teegarden b is tidally locked due to its close orbit to its star."
"What are the primary components of the atmosphere of Teegarden b?","The primary components of the atmosphere are unknown and require further study."
"What are some key features of Teegarden b?","Key features include its size, proximity to Earth, and location within the habitable zone."
"Does Teegarden b have a magnetic field?","As of now, it is unclear whether Teegarden b has a significant magnetic field."
"What is the expected atmospheric pressure on Teegarden b?","The expected atmospheric pressure on Teegarden b is uncertain and requires further research."
"What are some potential biosignatures to look for on Teegarden b?","Potential biosignatures include gases like oxygen, methane, and other indicators of biological processes."
"How does the radiation from Teegarden's Star affect Teegarden b?","Radiation from Teegarden's Star may impact the atmosphere and surface conditions on Teegarden b."
"What is the primary energy source for Teegarden b?","The primary energy source for Teegarden b is the radiation from its host star, Teegarden's Star."
"What is the best time to observe Teegarden b from Earth?","The best time to observe Teegarden b is when Teegarden's Star is optimally visible in the night sky."
"How does Teegarden b's mass influence its potential habitability?","A larger mass may influence geological activity and the ability to retain an atmosphere."
"What challenges do astronomers face in characterizing Teegarden b?","Challenges include its distance, the faintness of Teegarden's Star, and limited observational data."
"What future technologies could enhance the study of Teegarden b?","Future technologies like advanced adaptive optics and high-resolution spectrographs could enhance studies."
"What are the potential climatic conditions on Teegarden b?","Potential climatic conditions could include cold temperatures and varying weather patterns."
"Is there any known variability in Teegarden's Star's brightness?","Teegarden's Star is relatively stable, with low variability in brightness."
"What role does Teegarden b play in the search for extraterrestrial life?","Teegarden b is a key candidate in the search for potentially habitable exoplanets."
"Are there any known features on Teegarden b's surface?","No specific surface features have been identified due to limited observational data."
"What are the implications of Teegarden b's proximity to Earth for future exploration?","Its proximity makes Teegarden b an attractive target for future observational campaigns and potential exploration."
"What is the expected length of a day on Teegarden b?","The expected length of a day on Teegarden b is not well established but may be similar to its orbital period."
"How does the temperature on Teegarden b compare to that of Earth?","Teegarden b is expected to have a cooler average temperature than Earth due to its proximity to a dimmer star."
"What kind of telescopes can effectively study Teegarden b?","Ground-based telescopes equipped with adaptive optics and space telescopes can effectively study Teegarden b."
"What is the likelihood of discovering life on Teegarden b?","While the likelihood of discovering life on Teegarden b is uncertain, its position in the habitable zone makes it a candidate for further study."
"How does the composition of Teegarden b compare to that of Mars?","Teegarden b is likely rocky like Mars, but its exact composition is still unknown."
"What are the possible atmospheric conditions on Teegarden b?","The possible atmospheric conditions on Teegarden b are speculative, but it may have a thin or dense atmosphere."
"Is there potential for liquid water on Teegarden b?","If atmospheric conditions are favorable, there may be potential for liquid water on Teegarden b."
"What type of star system is Teegarden's Star part of?","Teegarden's Star is a single star system with at least two confirmed planets."
"What scientific missions have focused on Teegarden b?","As of now, no specific missions have been solely dedicated to studying Teegarden b."
"Can Teegarden b be observed with amateur telescopes?","Teegarden b is too faint to be observed with most amateur telescopes, but its star can be."
"What are the implications of finding Earth-like conditions on Teegarden b?","Finding Earth-like conditions on Teegarden b could provide insights into the prevalence of habitable worlds."
"What is the significance of Teegarden b's orbit?","Teegarden b's orbit within the habitable zone makes it significant for understanding exoplanet habitability."
"How could future missions impact the study of Teegarden b?","Future missions with advanced technology could provide valuable data on Teegarden b's atmosphere and surface conditions."
"What kind of observations would help characterize Teegarden b?","Spectroscopic observations could help characterize the atmosphere and potential biosignatures of Teegarden b."
"What are the possible geological features on Teegarden b?","The possible geological features could include mountains, valleys, and potentially even bodies of water."
"How does the stellar activity of Teegarden's Star affect Teegarden b?","Stellar activity could influence the atmospheric retention and climate of Teegarden b."
"What is the expected impact of solar flares on Teegarden b?","Solar flares may pose a risk to the atmosphere and any potential life forms on Teegarden b."
"What is the role of Teegarden b in the study of super-Earths?","Teegarden b provides a valuable case study for understanding the characteristics and habitability of super-Earths."
"How does the distance to Teegarden b impact research opportunities?","Its relatively close distance allows for more accessible observational studies compared to more distant exoplanets."
"What advancements in technology could improve our understanding of Teegarden b?","Advancements in imaging technology and spectroscopic analysis could greatly enhance our understanding of Teegarden b."
"What is the distance of Gliese 1061 d from Earth?","Gliese 1061 d is approximately 12.0 light-years away from Earth."
"What type of star is Gliese 1061?","Gliese 1061 is a red dwarf star, specifically an M-type star."
"What is the mass of Gliese 1061 d compared to Earth?","Gliese 1061 d has an estimated mass of about 1.5 times that of Earth."
"Is Gliese 1061 d located in the habitable zone?","Yes, Gliese 1061 d is located within the habitable zone of its star."
"What is the orbital period of Gliese 1061 d?","The orbital period of Gliese 1061 d is approximately 13.0 days."
"What is the expected surface temperature of Gliese 1061 d?","The expected surface temperature of Gliese 1061 d could range between -30 and 10 degrees Celsius."
"How was Gliese 1061 d discovered?","Gliese 1061 d was discovered using the radial velocity method, which measures the star's wobble."
"Does Gliese 1061 d have any known moons?","As of now, there are no confirmed moons orbiting Gliese 1061 d."
"What are the primary scientific interests in Gliese 1061 d?","Primary interests include studying its potential habitability and atmospheric conditions."
"What is the distance of Gliese 1061 d from its host star?","Gliese 1061 d orbits at a distance of about 0.08 AU from Gliese 1061."
"Can Gliese 1061 d sustain liquid water?","If conditions are suitable, Gliese 1061 d may be capable of sustaining liquid water."
"What is known about the atmosphere of Gliese 1061 d?","The atmospheric conditions of Gliese 1061 d are largely unknown and require further study."
"What is the composition of Gliese 1061 d?","The exact composition of Gliese 1061 d is not well known, but it is likely rocky."
"What are some key features of Gliese 1061 d?","Key features include its size, proximity to Earth, and position within the habitable zone."
"What is the escape velocity of Gliese 1061 d?","The escape velocity of Gliese 1061 d is estimated to be around 10.3 km/s."
"What are the potential climatic conditions on Gliese 1061 d?","Potential climatic conditions could include a range of temperatures and varying weather patterns."
"Is Gliese 1061 d a tidally locked planet?","It is possible that Gliese 1061 d is tidally locked due to its close orbit to its star."
"What are the implications of finding Earth-like conditions on Gliese 1061 d?","Finding Earth-like conditions could provide insights into the prevalence of habitable worlds around red dwarfs."
"How does the radiation from Gliese 1061 affect Gliese 1061 d?","Radiation from Gliese 1061 may impact the atmosphere and surface conditions on Gliese 1061 d."
"What future missions could study Gliese 1061 d?","Future missions like the James Webb Space Telescope may provide insights into Gliese 1061 d's atmosphere."
"What challenges exist in studying Gliese 1061 d?","Challenges include its distance and the faintness of Gliese 1061, which complicates observations."
"What is the geological activity of Gliese 1061 d?","The geological activity of Gliese 1061 d is largely speculative and not well understood."
"How does the temperature on Gliese 1061 d compare to that of Earth?","Gliese 1061 d is expected to have cooler average temperatures than Earth due to its orbit around a dim star."
"What kind of telescopes can effectively study Gliese 1061 d?","Ground-based telescopes with adaptive optics and space telescopes can effectively study Gliese 1061 d."
"What is the likelihood of discovering life on Gliese 1061 d?","The likelihood of discovering life on Gliese 1061 d is uncertain, but its position in the habitable zone makes it a candidate for further study."
"How does the composition of Gliese 1061 d compare to that of Venus?","Gliese 1061 d is likely rocky like Venus, but its exact composition is still unknown."
"What are the possible atmospheric conditions on Gliese 1061 d?","The possible atmospheric conditions on Gliese 1061 d are speculative, but it may have a thick atmosphere."
"Is there potential for liquid water on Gliese 1061 d?","If atmospheric conditions allow, Gliese 1061 d could potentially support liquid water."
"What type of star system is Gliese 1061 part of?","Gliese 1061 is a single star system with at least three confirmed planets."
"What scientific missions have focused on Gliese 1061 d?","As of now, no specific missions have been solely dedicated to studying Gliese 1061 d."
"Can Gliese 1061 d be observed with amateur telescopes?","Gliese 1061 d is too faint to be observed with most amateur telescopes, but its star can be."
"What are the implications of finding Earth-like conditions on Gliese 1061 d?","Finding Earth-like conditions on Gliese 1061 d could provide insights into the prevalence of habitable exoplanets."
"What is the significance of Gliese 1061 d's orbit?","Gliese 1061 d's orbit within the habitable zone makes it significant for understanding exoplanet habitability."
"How could future missions impact the study of Gliese 1061 d?","Future missions with advanced technology could provide valuable data on Gliese 1061 d's atmosphere and surface conditions."
"What kind of observations would help characterize Gliese 1061 d?","Spectroscopic observations could help characterize the atmosphere and potential biosignatures of Gliese 1061 d."
"What are the possible geological features on Gliese 1061 d?","The possible geological features could include mountains, valleys, and potentially even bodies of water."
"How does the stellar activity of Gliese 1061 affect Gliese 1061 d?","Stellar activity could influence the atmospheric retention and climate of Gliese 1061 d."
"What is the expected impact of solar flares on Gliese 1061 d?","Solar flares may pose a risk to the atmosphere and any potential life forms on Gliese 1061 d."
"What role does Gliese 1061 d play in the study of super-Earths?","Gliese 1061 d provides a valuable case study for understanding the characteristics and habitability of super-Earths."
"How does the distance to Gliese 1061 d impact research opportunities?","Its relatively close distance allows for more accessible observational studies compared to more distant exoplanets."
"What advancements in technology could improve our understanding of Gliese 1061 d?","Advancements in imaging technology and spectroscopic analysis could greatly enhance our understanding of Gliese 1061 d."
"What is the expected axial tilt of Gliese 1061 d?","The expected axial tilt of Gliese 1061 d is not well established and requires further study."
"What is the age of Gliese 1061?","Gliese 1061 is estimated to be around 12.5 billion years old."
"Does Gliese 1061 d experience seasons?","If Gliese 1061 d has an axial tilt, it may experience seasonal variations, but this is speculative."
"What is the primary energy source for Gliese 1061 d?","The primary energy source for Gliese 1061 d is the radiation from its host star, Gliese 1061."
"What are the potential biosignatures to look for on Gliese 1061 d?","Potential biosignatures include gases like oxygen, methane, and other indicators of biological processes."
"What challenges do astronomers face in characterizing Gliese 1061 d?","Challenges include its distance, the faintness of Gliese 1061, and limited observational data."
"What types of exoplanets are similar to Gliese 1061 d?","Similar exoplanets include other super-Earths located in the habitable zones of red dwarf stars."
"How does the mass of Gliese 1061 d influence its potential habitability?","A larger mass may influence geological activity and the ability to retain an atmosphere."
"What are the potential impacts of stellar flares on Gliese 1061 d's atmosphere?","Stellar flares could strip away the atmosphere over time, affecting habitability."
"How might future telescopes study Gliese 1061 d?","Future telescopes could use transit photometry and direct imaging to gather data on Gliese 1061 d."
"What is the likelihood of finding water vapor on Gliese 1061 d?","If Gliese 1061 d has a suitable atmosphere, there is a chance of detecting water vapor."
"What are the potential tectonic activities on Gliese 1061 d?","The potential for tectonic activity on Gliese 1061 d is uncertain and would require more data."
"How does Gliese 1061's luminosity affect Gliese 1061 d?","The lower luminosity of Gliese 1061 allows Gliese 1061 d to remain in the habitable zone at a closer distance."
"What is the significance of the Gliese 1061 system for astrobiology?","The Gliese 1061 system is significant for astrobiology due to its potential habitable planets."
"How might the atmosphere of Gliese 1061 d affect surface conditions?","The atmosphere of Gliese 1061 d could regulate temperatures and influence weather patterns."
"What is the best time to observe Gliese 1061 d from Earth?","The best time to observe Gliese 1061 d is when Gliese 1061 is prominently visible in the night sky."
"What kinds of compounds could indicate the presence of life on Gliese 1061 d?","Compounds like oxygen, methane, and carbon dioxide could indicate biological processes."
"How could gravitational interactions affect Gliese 1061 d?","Gravitational interactions with other planets in the system could influence Gliese 1061 d's orbit and stability."
"What advancements in spectroscopy could aid the study of Gliese 1061 d?","Advancements in high-resolution spectroscopy could enhance the detection of atmospheric components on Gliese 1061 d."
"What future missions could provide valuable data on Gliese 1061 d?","Missions like the James Webb Space Telescope could provide insights into Gliese 1061 d's atmosphere."
"What is the distance of YZ Ceti d from Earth?","YZ Ceti d is approximately 12.1 light-years away from Earth."
"What type of star is YZ Ceti?","YZ Ceti is a red dwarf star, classified as an M-type star."
"What is the mass of YZ Ceti d compared to Earth?","YZ Ceti d has an estimated mass of about 1.9 times that of Earth."
"Is YZ Ceti d located in the habitable zone?","Yes, YZ Ceti d is located within the habitable zone of its star."
"What is the orbital period of YZ Ceti d?","The orbital period of YZ Ceti d is approximately 2.0 days."
"What is the expected surface temperature of YZ Ceti d?","The expected surface temperature of YZ Ceti d could range between -20 and 10 degrees Celsius."
"How was YZ Ceti d discovered?","YZ Ceti d was discovered using the radial velocity method, which detects the gravitational pull of planets on their host star."
"Does YZ Ceti d have any known moons?","As of now, there are no confirmed moons orbiting YZ Ceti d."
"What are the primary scientific interests in YZ Ceti d?","Primary interests include studying its potential habitability and atmospheric conditions."
"What is the distance of YZ Ceti d from its host star?","YZ Ceti d orbits at a distance of about 0.03 AU from YZ Ceti."
"Can YZ Ceti d sustain liquid water?","If conditions are suitable, YZ Ceti d may be capable of sustaining liquid water."
"What is known about the atmosphere of YZ Ceti d?","The atmospheric conditions of YZ Ceti d are largely unknown and require further study."
"What is the composition of YZ Ceti d?","The exact composition of YZ Ceti d is not well known, but it is likely rocky."
"What are some key features of YZ Ceti d?","Key features include its size, proximity to Earth, and position within the habitable zone."
"What is the escape velocity of YZ Ceti d?","The escape velocity of YZ Ceti d is estimated to be around 11.2 km/s."
"What are the potential climatic conditions on YZ Ceti d?","Potential climatic conditions could include a range of temperatures and varying weather patterns."
"Is YZ Ceti d a tidally locked planet?","It is possible that YZ Ceti d is tidally locked due to its close orbit to its star."
"What are the implications of finding Earth-like conditions on YZ Ceti d?","Finding Earth-like conditions could provide insights into the prevalence of habitable worlds around red dwarfs."
"How does the radiation from YZ Ceti affect YZ Ceti d?","Radiation from YZ Ceti may impact the atmosphere and surface conditions on YZ Ceti d."
"What future missions could study YZ Ceti d?","Future missions like the James Webb Space Telescope may provide insights into YZ Ceti d's atmosphere."
"What challenges exist in studying YZ Ceti d?","Challenges include its distance and the faintness of YZ Ceti, which complicates observations."
"What is the geological activity of YZ Ceti d?","The geological activity of YZ Ceti d is largely speculative and not well understood."
"What is the age of YZ Ceti?","YZ Ceti is estimated to be around 6 billion years old."
"Does YZ Ceti d experience seasons?","If YZ Ceti d has an axial tilt, it may experience seasonal variations, but this is speculative."
"What is the primary energy source for YZ Ceti d?","The primary energy source for YZ Ceti d is the radiation from its host star, YZ Ceti."
"What are the potential biosignatures to look for on YZ Ceti d?","Potential biosignatures include gases like oxygen, methane, and other indicators of biological processes."
"What challenges do astronomers face in characterizing YZ Ceti d?","Challenges include its distance, the faintness of YZ Ceti, and limited observational data."
"What types of exoplanets are similar to YZ Ceti d?","Similar exoplanets include other super-Earths located in the habitable zones of red dwarf stars."
"How does the mass of YZ Ceti d influence its potential habitability?","A larger mass may influence geological activity and the ability to retain an atmosphere."
"What are the potential impacts of stellar flares on YZ Ceti d's atmosphere?","Stellar flares could strip away the atmosphere over time, affecting habitability."
"How might future missions study YZ Ceti d?","Future missions could use transit photometry and direct imaging to gather data on YZ Ceti d."
"What is the likelihood of finding water vapor on YZ Ceti d?","If YZ Ceti d has a suitable atmosphere, there is a chance of detecting water vapor."
"What are the potential tectonic activities on YZ Ceti d?","The potential for tectonic activity on YZ Ceti d is uncertain and would require more data."
"How does YZ Ceti's luminosity affect YZ Ceti d?","The lower luminosity of YZ Ceti allows YZ Ceti d to remain in the habitable zone at a closer distance."
"What is the significance of the YZ Ceti system for astrobiology?","The YZ Ceti system is significant for astrobiology due to its potential habitable planets."
"How might the atmosphere of YZ Ceti d affect surface conditions?","The atmosphere of YZ Ceti d could regulate temperatures and influence weather patterns."
"What is the best time to observe YZ Ceti d from Earth?","The best time to observe YZ Ceti d is when YZ Ceti is prominently visible in the night sky."
"What kinds of compounds could indicate the presence of life on YZ Ceti d?","Compounds like oxygen, methane, and carbon dioxide could indicate biological processes."
"How could gravitational interactions affect YZ Ceti d?","Gravitational interactions with other planets in the system could influence YZ Ceti d's orbit and stability."
"What advancements in spectroscopy could aid the study of YZ Ceti d?","Advancements in high-resolution spectroscopy could enhance the detection of atmospheric components on YZ Ceti d."
"What future missions could provide valuable data on YZ Ceti d?","Missions like the James Webb Space Telescope could provide insights into YZ Ceti d's atmosphere."
"What is the expected axial tilt of YZ Ceti d?","The expected axial tilt of YZ Ceti d is not well established and requires further study."
"What is the expected orbital eccentricity of YZ Ceti d?","The expected orbital eccentricity of YZ Ceti d is likely low, indicating a circular orbit."
"Is YZ Ceti d likely to have an atmosphere?","It is possible that YZ Ceti d has an atmosphere, but its composition is unknown."
"What role does tidal locking play for YZ Ceti d?","Tidal locking could result in one side of YZ Ceti d always facing its star, impacting climate and weather."
"What are the potential cloud formations on YZ Ceti d?","Potential cloud formations could include water vapor clouds if conditions permit."
"How does the stellar radiation from YZ Ceti impact YZ Ceti d?","Stellar radiation may affect atmospheric retention and surface conditions on YZ Ceti d."
"What are the implications of tidal interactions on YZ Ceti d?","Tidal interactions could influence geological activity and stability on YZ Ceti d."
"What kind of observational techniques could enhance studies of YZ Ceti d?","Techniques like transit photometry and radial velocity measurements could enhance studies of YZ Ceti d."
"How do the conditions on YZ Ceti d compare to those on Mars?","Conditions on YZ Ceti d may be more favorable for habitability than those on Mars, depending on its atmosphere."
"What types of research could benefit from studying YZ Ceti d?","Astrobiological research and planetary formation studies could benefit from studying YZ Ceti d."
"What is the likelihood of discovering extremophiles on YZ Ceti d?","If conditions are suitable, the likelihood of discovering extremophiles on YZ Ceti d could be significant."
"How might the composition of YZ Ceti d influence its climate?","The composition could determine the presence of greenhouse gases, affecting climate and temperatures."
"What are the possible implications of YZ Ceti d for future colonization?","Understanding YZ Ceti d's conditions could inform the potential for future colonization or habitation."
"What scientific instruments could provide data on YZ Ceti d's atmosphere?","Instruments like spectrometers and photometers could provide data on YZ Ceti d's atmosphere."
"How does YZ Ceti d contribute to the study of planetary habitability?","YZ Ceti d contributes valuable data points in understanding the conditions necessary for habitability."
"What are the potential impacts of solar activity on YZ Ceti d?","Solar activity could impact atmospheric retention and the potential for habitability on YZ Ceti d."
"What role does the mass of YZ Ceti d play in its geological features?","The mass may influence the planet's geological activity and ability to maintain an atmosphere."
"What are the potential atmospheric escape mechanisms for YZ Ceti d?","Atmospheric escape mechanisms could include thermal escape and hydrodynamic escape."
"How could interdisciplinary research enhance the study of YZ Ceti d?","Interdisciplinary research combining astronomy, geology, and biology could enhance the study of YZ Ceti d."
"What are the potential impacts of planetary neighbors on YZ Ceti d?","Planetary neighbors could influence gravitational stability and atmospheric retention on YZ Ceti d."
"What is the distance of Wolf 1061 c from Earth?","Wolf 1061 c is approximately 13.8 light-years away from Earth."
"What type of star is Wolf 1061?","Wolf 1061 is a red dwarf star, classified as an M-type star."
"What is the mass of Wolf 1061 c compared to Earth?","Wolf 1061 c has an estimated mass of about 4.3 times that of Earth."
"Is Wolf 1061 c located in the habitable zone?","Yes, Wolf 1061 c is located within the habitable zone of its star."
"What is the orbital period of Wolf 1061 c?","The orbital period of Wolf 1061 c is approximately 17.9 days."
"What is the expected surface temperature of Wolf 1061 c?","The expected surface temperature of Wolf 1061 c could range between 10 and 25 degrees Celsius."
"How was Wolf 1061 c discovered?","Wolf 1061 c was discovered using the radial velocity method, which detects the gravitational pull of planets on their host star."
"Does Wolf 1061 c have any known moons?","As of now, there are no confirmed moons orbiting Wolf 1061 c."
"What are the primary scientific interests in Wolf 1061 c?","Primary interests include studying its potential habitability and atmospheric conditions."
"What is the distance of Wolf 1061 c from its host star?","Wolf 1061 c orbits at a distance of about 0.073 AU from Wolf 1061."
"Can Wolf 1061 c sustain liquid water?","If conditions are suitable, Wolf 1061 c may be capable of sustaining liquid water."
"What is known about the atmosphere of Wolf 1061 c?","The atmospheric conditions of Wolf 1061 c are largely unknown and require further study."
"What is the composition of Wolf 1061 c?","The exact composition of Wolf 1061 c is not well known, but it is likely rocky."
"What are some key features of Wolf 1061 c?","Key features include its size, proximity to Earth, and position within the habitable zone."
"What is the escape velocity of Wolf 1061 c?","The escape velocity of Wolf 1061 c is estimated to be around 25.4 km/s."
"What are the potential climatic conditions on Wolf 1061 c?","Potential climatic conditions could include a range of temperatures and varying weather patterns."
"Is Wolf 1061 c a tidally locked planet?","It is possible that Wolf 1061 c is tidally locked due to its close orbit to its star."
"What are the implications of finding Earth-like conditions on Wolf 1061 c?","Finding Earth-like conditions could provide insights into the prevalence of habitable worlds around red dwarfs."
"How does the radiation from Wolf 1061 affect Wolf 1061 c?","Radiation from Wolf 1061 may impact the atmosphere and surface conditions on Wolf 1061 c."
"What future missions could study Wolf 1061 c?","Future missions like the James Webb Space Telescope may provide insights into Wolf 1061 c's atmosphere."
"What challenges exist in studying Wolf 1061 c?","Challenges include its distance and the faintness of Wolf 1061, which complicates observations."
"What is the geological activity of Wolf 1061 c?","The geological activity of Wolf 1061 c is largely speculative and not well understood."
"What is the age of Wolf 1061?","Wolf 1061 is estimated to be around 4.4 billion years old."
"Does Wolf 1061 c experience seasons?","If Wolf 1061 c has an axial tilt, it may experience seasonal variations, but this is speculative."
"What is the primary energy source for Wolf 1061 c?","The primary energy source for Wolf 1061 c is the radiation from its host star, Wolf 1061."
"What are the potential biosignatures to look for on Wolf 1061 c?","Potential biosignatures include gases like oxygen, methane, and other indicators of biological processes."
"What challenges do astronomers face in characterizing Wolf 1061 c?","Challenges include its distance, the faintness of Wolf 1061, and limited observational data."
"What types of exoplanets are similar to Wolf 1061 c?","Similar exoplanets include other super-Earths located in the habitable zones of red dwarf stars."
"How does the mass of Wolf 1061 c influence its potential habitability?","A larger mass may influence geological activity and the ability to retain an atmosphere."
"What are the potential impacts of stellar flares on Wolf 1061 c's atmosphere?","Stellar flares could strip away the atmosphere over time, affecting habitability."
"How might future missions study Wolf 1061 c?","Future missions could use transit photometry and direct imaging to gather data on Wolf 1061 c."
"What is the likelihood of finding water vapor on Wolf 1061 c?","If Wolf 1061 c has a suitable atmosphere, there is a chance of detecting water vapor."
"What are the potential tectonic activities on Wolf 1061 c?","The potential for tectonic activity on Wolf 1061 c is uncertain and would require more data."
"How does Wolf 1061's luminosity affect Wolf 1061 c?","The lower luminosity of Wolf 1061 allows Wolf 1061 c to remain in the habitable zone at a closer distance."
"What is the significance of the Wolf 1061 system for astrobiology?","The Wolf 1061 system is significant for astrobiology due to its potential habitable planets."
"How might the atmosphere of Wolf 1061 c affect surface conditions?","The atmosphere of Wolf 1061 c could regulate temperatures and influence weather patterns."
"What is the best time to observe Wolf 1061 c from Earth?","The best time to observe Wolf 1061 c is when Wolf 1061 is prominently visible in the night sky."
"What kinds of compounds could indicate the presence of life on Wolf 1061 c?","Compounds like oxygen, methane, and carbon dioxide could indicate biological processes."
"How could gravitational interactions affect Wolf 1061 c?","Gravitational interactions with other planets in the system could influence Wolf 1061 c's orbit and stability."
"What advancements in spectroscopy could aid the study of Wolf 1061 c?","Advancements in high-resolution spectroscopy could enhance the detection of atmospheric components on Wolf 1061 c."
"What future missions could provide valuable data on Wolf 1061 c?","Missions like the James Webb Space Telescope could provide insights into Wolf 1061 c's atmosphere."
"What is the distance of Kapteyn b from Earth?","Kapteyn b is approximately 13.0 light-years away from Earth."
"What type of star is Kapteyn's Star?","Kapteyn's Star is a red dwarf star, classified as an M-type star."
"What is the mass of Kapteyn b compared to Earth?","Kapteyn b has an estimated mass of about 4.8 times that of Earth."
"Is Kapteyn b located in the habitable zone?","Yes, Kapteyn b is located within the habitable zone of its star."
"What is the orbital period of Kapteyn b?","The orbital period of Kapteyn b is approximately 48.6 days."
"What is the expected surface temperature of Kapteyn b?","The expected surface temperature of Kapteyn b could range between 0 and 30 degrees Celsius."
"How was Kapteyn b discovered?","Kapteyn b was discovered using the radial velocity method, which detects the gravitational pull of planets on their host star."
"Does Kapteyn b have any known moons?","As of now, there are no confirmed moons orbiting Kapteyn b."
"What are the primary scientific interests in Kapteyn b?","Primary interests include studying its potential habitability and atmospheric conditions."
"What is the distance of Kapteyn b from its host star?","Kapteyn b orbits at a distance of about 0.12 AU from Kapteyn's Star."
"Can Kapteyn b sustain liquid water?","If conditions are suitable, Kapteyn b may be capable of sustaining liquid water."
"What is known about the atmosphere of Kapteyn b?","The atmospheric conditions of Kapteyn b are largely unknown and require further study."
"What is the composition of Kapteyn b?","The exact composition of Kapteyn b is not well known, but it is likely rocky."
"What are some key features of Kapteyn b?","Key features include its size, proximity to Earth, and position within the habitable zone."
"What is the escape velocity of Kapteyn b?","The escape velocity of Kapteyn b is estimated to be around 26.5 km/s."
"What are the potential climatic conditions on Kapteyn b?","Potential climatic conditions could include a range of temperatures and varying weather patterns."
"Is Kapteyn b a tidally locked planet?","It is possible that Kapteyn b is tidally locked due to its close orbit to its star."
"What are the implications of finding Earth-like conditions on Kapteyn b?","Finding Earth-like conditions could provide insights into the prevalence of habitable worlds around red dwarfs."
"How does the radiation from Kapteyn's Star affect Kapteyn b?","Radiation from Kapteyn's Star may impact the atmosphere and surface conditions on Kapteyn b."
"What future missions could study Kapteyn b?","Future missions like the James Webb Space Telescope may provide insights into Kapteyn b's atmosphere."
"What challenges exist in studying Kapteyn b?","Challenges include its distance and the faintness of Kapteyn's Star, which complicates observations."
"What is the geological activity of Kapteyn b?","The geological activity of Kapteyn b is largely speculative and not well understood."
"What is the age of Kapteyn's Star?","Kapteyn's Star is estimated to be around 11 billion years old."
"Does Kapteyn b experience seasons?","If Kapteyn b has an axial tilt, it may experience seasonal variations, but this is speculative."
"What is the primary energy source for Kapteyn b?","The primary energy source for Kapteyn b is the radiation from its host star, Kapteyn's Star."
"What are the potential biosignatures to look for on Kapteyn b?","Potential biosignatures include gases like oxygen, methane, and other indicators of biological processes."
"What challenges do astronomers face in characterizing Kapteyn b?","Challenges include its distance, the faintness of Kapteyn's Star, and limited observational data."
"What types of exoplanets are similar to Kapteyn b?","Similar exoplanets include other super-Earths located in the habitable zones of red dwarf stars."
"How does the mass of Kapteyn b influence its potential habitability?","A larger mass may influence geological activity and the ability to retain an atmosphere."
"What are the potential impacts of stellar flares on Kapteyn b's atmosphere?","Stellar flares could strip away the atmosphere over time, affecting habitability."
"How might future missions study Kapteyn b?","Future missions could use transit photometry and direct imaging to gather data on Kapteyn b."
"What is the likelihood of finding water vapor on Kapteyn b?","If Kapteyn b has a suitable atmosphere, there is a chance of detecting water vapor."
"What are the potential tectonic activities on Kapteyn b?","The potential for tectonic activity on Kapteyn b is uncertain and would require more data."
"How does Kapteyn's Star's luminosity affect Kapteyn b?","The lower luminosity of Kapteyn's Star allows Kapteyn b to remain in the habitable zone at a closer distance."
"What is the significance of the Kapteyn system for astrobiology?","The Kapteyn system is significant for astrobiology due to its potential habitable planets."
"How might the atmosphere of Kapteyn b affect surface conditions?","The atmosphere of Kapteyn b could regulate temperatures and influence weather patterns."
"What is the best time to observe Kapteyn b from Earth?","The best time to observe Kapteyn b is when Kapteyn's Star is prominently visible in the night sky."
"What kinds of compounds could indicate the presence of life on Kapteyn b?","Compounds like oxygen, methane, and carbon dioxide could indicate biological processes."
"How could gravitational interactions affect Kapteyn b?","Gravitational interactions with other planets in the system could influence Kapteyn b's orbit and stability."
"What advancements in spectroscopy could aid the study of Kapteyn b?","Advancements in high-resolution spectroscopy could enhance the detection of atmospheric components on Kapteyn b."
"What future missions could provide valuable data on Kapteyn b?","Missions like the James Webb Space Telescope could provide insights into Kapteyn b's atmosphere."
"What is the composition of Kapteyn b's surface?","The exact composition of Kapteyn b's surface is not well known, but it is likely rocky."
"How might the rotation period of Kapteyn b affect its climate?","The rotation period could influence temperature distribution and weather patterns on Kapteyn b."
"What are the potential atmospheric conditions on Kapteyn b?","Potential atmospheric conditions may include a mix of gases similar to Earth's atmosphere."
"What is the significance of Kapteyn b's discovery?","The discovery of Kapteyn b contributes to the understanding of planetary systems around red dwarf stars."
"Is Kapteyn b part of a multi-planet system?","Yes, Kapteyn b is part of the Kapteyn system, which may contain other planets as well."
"How does the stellar activity of Kapteyn's Star impact Kapteyn b?","Stellar activity could affect the stability and composition of Kapteyn b's atmosphere."
"What is the escape velocity of Kapteyn b?","The escape velocity of Kapteyn b is estimated to be around 26.5 km/s."
"Does Kapteyn b have a magnetic field?","It is currently unknown if Kapteyn b has a magnetic field and how it might affect the planet."
"What are the possibilities for human exploration of Kapteyn b?","Human exploration of Kapteyn b is currently theoretical and would require advanced space travel technologies."
"What is the role of Kapteyn b in the search for extraterrestrial life?","Kapteyn b plays a role in the search for extraterrestrial life due to its location in the habitable zone."
"What is the primary challenge in studying Kapteyn b's atmosphere?","The primary challenge is obtaining sufficient data due to its distance and the faintness of its star."
"What are the potential surface features of Kapteyn b?","Potential surface features could include mountains, valleys, and bodies of water, but this is speculative."
"What is the history of research on Kapteyn b?","Research on Kapteyn b has evolved with advancements in detection methods for exoplanets."
"How does Kapteyn b compare to Earth in terms of size?","Kapteyn b is larger than Earth, with an estimated size about 1.5 times that of Earth."
"What are the potential weather patterns on Kapteyn b?","Potential weather patterns may vary widely, depending on its atmosphere and rotation."
"What kind of observations can confirm the existence of an atmosphere on Kapteyn b?","Observations of atmospheric composition and pressure can help confirm the existence of an atmosphere."
"How might future telescopes improve our understanding of Kapteyn b?","Future telescopes may provide higher-resolution images and spectra of Kapteyn b's atmosphere."
"What are the theoretical limits to life on Kapteyn b?","Theoretical limits to life could include temperature extremes, atmospheric pressure, and radiation levels."
"How does the environment of Kapteyn b compare to that of Mars?","Kapteyn b's environment is still largely unknown, but it may have more favorable conditions for life than Mars."
"What future studies could provide insights into the geology of Kapteyn b?","Future studies involving spectroscopic analysis could shed light on the geological composition of Kapteyn b."
"What is the distance of TRAPPIST-1 d from Earth?","TRAPPIST-1 d is approximately 40 light-years away from Earth."
"What type of star is TRAPPIST-1?","TRAPPIST-1 is an ultra-cool red dwarf star, classified as an M-type star."
"What is the mass of TRAPPIST-1 d compared to Earth?","TRAPPIST-1 d has an estimated mass of about 0.77 times that of Earth."
"Is TRAPPIST-1 d located in the habitable zone?","Yes, TRAPPIST-1 d is located within the habitable zone of its star."
"What is the orbital period of TRAPPIST-1 d?","The orbital period of TRAPPIST-1 d is approximately 13 days."
"What is the expected surface temperature of TRAPPIST-1 d?","The expected surface temperature of TRAPPIST-1 d could range between -20 and 10 degrees Celsius."
"How was TRAPPIST-1 d discovered?","TRAPPIST-1 d was discovered using the transit method, which detects the dimming of a star as a planet passes in front of it."
"Does TRAPPIST-1 d have any known moons?","As of now, there are no confirmed moons orbiting TRAPPIST-1 d."
"What are the primary scientific interests in TRAPPIST-1 d?","Primary interests include studying its potential for habitability and analyzing its atmosphere."
"What is the distance of TRAPPIST-1 d from its host star?","TRAPPIST-1 d orbits at a distance of about 0.22 AU from TRAPPIST-1."
"Can TRAPPIST-1 d sustain liquid water?","If conditions are suitable, TRAPPIST-1 d may be capable of sustaining liquid water."
"What is known about the atmosphere of TRAPPIST-1 d?","The atmospheric conditions of TRAPPIST-1 d are largely unknown and require further study."
"What is the composition of TRAPPIST-1 d?","The exact composition of TRAPPIST-1 d is not well known, but it is likely rocky."
"What are some key features of TRAPPIST-1 d?","Key features include its size, proximity to Earth, and position within the habitable zone."
"What is the escape velocity of TRAPPIST-1 d?","The escape velocity of TRAPPIST-1 d is estimated to be around 18.5 km/s."
"Does TRAPPIST-1 d have a magnetic field?","It is currently unknown if TRAPPIST-1 d has a magnetic field and how it might affect the planet."
"What are the possibilities for human exploration of TRAPPIST-1 d?","Human exploration of TRAPPIST-1 d is currently theoretical and would require advanced space travel technologies."
"What is the role of TRAPPIST-1 d in the search for extraterrestrial life?","TRAPPIST-1 d plays a role in the search for extraterrestrial life due to its location in the habitable zone."
"How does the radiation from TRAPPIST-1 affect TRAPPIST-1 d?","Radiation from TRAPPIST-1 could impact the atmosphere and surface conditions on TRAPPIST-1 d."
"What future missions could study TRAPPIST-1 d?","Future missions like the James Webb Space Telescope may provide insights into TRAPPIST-1 d's atmosphere."
"What is the geological activity of TRAPPIST-1 d?","The geological activity of TRAPPIST-1 d is largely speculative and not well understood."
"What is the age of TRAPPIST-1?","TRAPPIST-1 is estimated to be around 5-7 billion years old."
"Does TRAPPIST-1 d experience seasons?","If TRAPPIST-1 d has an axial tilt, it may experience seasonal variations, but this is speculative."
"What is the primary energy source for TRAPPIST-1 d?","The primary energy source for TRAPPIST-1 d is the radiation from its host star, TRAPPIST-1."
"What are the potential biosignatures to look for on TRAPPIST-1 d?","Potential biosignatures include gases like oxygen, methane, and other indicators of biological processes."
"What challenges do astronomers face in characterizing TRAPPIST-1 d?","Challenges include its distance, the faintness of TRAPPIST-1, and limited observational data."
"What types of exoplanets are similar to TRAPPIST-1 d?","Similar exoplanets include other rocky planets located in the habitable zones of M-type stars."
"How does the mass of TRAPPIST-1 d influence its potential habitability?","A smaller mass may influence geological activity and the ability to retain an atmosphere."
"What are the potential climatic conditions on TRAPPIST-1 d?","Potential climatic conditions could include a range of temperatures and varying weather patterns."
"Is TRAPPIST-1 d a tidally locked planet?","It is likely that TRAPPIST-1 d is tidally locked due to its close orbit to its star."
"What are the implications of finding Earth-like conditions on TRAPPIST-1 d?","Finding Earth-like conditions could provide insights into the prevalence of habitable worlds around red dwarfs."
"How might future missions study TRAPPIST-1 d?","Future missions could use transit photometry and direct imaging to gather data on TRAPPIST-1 d."
"What is the escape velocity of TRAPPIST-1 d?","The escape velocity of TRAPPIST-1 d is estimated to be around 18.5 km/s."
"What are the potential tectonic activities on TRAPPIST-1 d?","The potential for tectonic activity on TRAPPIST-1 d is uncertain and would require more data."
"What is the best time to observe TRAPPIST-1 d from Earth?","The best time to observe TRAPPIST-1 d is when TRAPPIST-1 is prominently visible in the night sky."
"What kinds of compounds could indicate the presence of life on TRAPPIST-1 d?","Compounds like oxygen, methane, and carbon dioxide could indicate biological processes."
"What are the theoretical limits to life on TRAPPIST-1 d?","Theoretical limits to life could include temperature extremes, atmospheric pressure, and radiation levels."
"What future studies could provide insights into the geology of TRAPPIST-1 d?","Future studies involving spectroscopic analysis could shed light on the geological composition of TRAPPIST-1 d."
"How does the environment of TRAPPIST-1 d compare to that of Earth?","TRAPPIST-1 d is expected to have conditions that could be similar to those on Earth."
"What are the potential weather patterns on TRAPPIST-1 d?","Potential weather patterns may vary widely, depending on its atmosphere and rotation."
"What advancements in spectroscopy could aid the study of TRAPPIST-1 d?","Advancements in high-resolution spectroscopy could enhance the detection of atmospheric components on TRAPPIST-1 d."
"What is the surface pressure on TRAPPIST-1 d?","The surface pressure on TRAPPIST-1 d is not well known but could be similar to Earth's if it has a dense atmosphere."
"How might the geology of TRAPPIST-1 d differ from Earth?","The geology of TRAPPIST-1 d could differ significantly due to its different formation conditions and proximity to its star."
"What is the expected albedo of TRAPPIST-1 d?","The expected albedo of TRAPPIST-1 d is not well studied, but it could vary based on surface composition."
"What types of clouds might exist on TRAPPIST-1 d?","If TRAPPIST-1 d has an atmosphere, it could potentially host water vapor clouds or other types of clouds."
"What role does tidal heating play on TRAPPIST-1 d?","Tidal heating could influence geological activity if TRAPPIST-1 d is tidally locked and experiences gravitational forces."
"Could TRAPPIST-1 d support life as we know it?","If conditions are suitable, TRAPPIST-1 d could potentially support life similar to that on Earth."
"What tools can scientists use to study TRAPPIST-1 d's atmosphere?","Scientists can use telescopes equipped with spectrometers to analyze the atmosphere of TRAPPIST-1 d."
"What is the importance of the TRAPPIST-1 system for astrobiology?","The TRAPPIST-1 system is important for astrobiology due to the presence of multiple Earth-sized planets in the habitable zone."
"What are the potential impacts of stellar flares from TRAPPIST-1 on TRAPPIST-1 d?","Stellar flares could strip away the atmosphere and affect habitability on TRAPPIST-1 d."
"How might researchers detect water on TRAPPIST-1 d?","Researchers could detect water by analyzing the spectrum of light filtering through its atmosphere."
"What are the potential surface conditions on TRAPPIST-1 d?","Potential surface conditions may include rocky terrain, possible bodies of water, and varying temperatures."
"What is the significance of studying TRAPPIST-1 d for understanding planetary formation?","Studying TRAPPIST-1 d can provide insights into the formation and evolution of rocky planets around red dwarf stars."
"How does the gravity of TRAPPIST-1 d compare to that of Earth?","The gravity of TRAPPIST-1 d is likely lower than that of Earth due to its smaller mass."
"How often does TRAPPIST-1 d transit its star?","TRAPPIST-1 d completes a full orbit around its star in approximately 13 Earth days."
"What are the theoretical atmospheric compositions for TRAPPIST-1 d?","Theoretical atmospheric compositions could include nitrogen, carbon dioxide, and possibly water vapor."
"Is there any evidence of past volcanic activity on TRAPPIST-1 d?","As of now, there is no direct evidence of past volcanic activity on TRAPPIST-1 d."
"What advancements in observational techniques could enhance our study of TRAPPIST-1 d?","Advancements in adaptive optics and space-based telescopes could significantly improve observations of TRAPPIST-1 d."
"What is the significance of finding diverse planetary systems like TRAPPIST-1?","Finding diverse planetary systems helps scientists understand the variety of planetary formations and potential for habitability."
"What is the expected longevity of TRAPPIST-1 d's atmosphere?","The longevity of TRAPPIST-1 d's atmosphere depends on factors like stellar radiation and geological activity."
"What are the challenges of communicating findings about TRAPPIST-1 d to the public?","Challenges include conveying complex scientific concepts in an understandable way and addressing misconceptions."

